path,sha256
.gitignore,cc63704e58d01b12e337bfd5658809750d8e7a5f3b874bf13f1cc1e8711a51e4
CITATION.cff,db170ca50289a8588b0381778f637ad30ec6092536df73afca754a406026c82a
LICENSE_NOTE.md,bb4e48ada9478315f322f976f8202b68b53d21d794c17b87e2a3979f78390fee
R/00_config.R,e83f9674175668cad49052b015cb5bc4680be4cf6ae822ce836e9c216fba9357
R/01_build_static_exposure.R,38f92d7da70e9f6222b9d81664d6fd1e24167af5aa9cdc3c08d05a8e1d5b0556
R/02_static_results.R,61cfe1e7cee04b1e97a68ebe6e4c554ef60a4a780c96d0a83c47468e565f7dc4
R/03_dynamic_results.R,19286bc3ea3958ad0a532c278b2795450ff5292d75e5b8c268e164cee0d72031
R/04_boundary_network_results.R,5589edde5fee600276c317f672639462f84f28edfd07641c17b41fda347fce12
R/05_appendix_robustness.R,9cd6e2d91893cb86ca6f94c63e1be2571c1db683e3c5e949906e163253f66263
R/06_export_paper_outputs.R,9bdca0071c334140a746ead7b96cf3e9c014c2623367cb1ac2d2b0e827242f09
README.md,e2358bd0204a6173c1698f28e39602b55e1e594bcdbd569fedcd47ef5726a29d
RELEASE_CHECKLIST.md,bd1cf3064da0a2c7ea209bf704a0f16cebb6b9d1ddec64cc35d3f287f3f5c446
VALIDATION.md,fa7db784cdcc29119fd45a173897576d150873dbdb8620b0709ce44506899a49
data/README_data.md,a51081f583cdd71bd93de6ff13a7dc3ddf46d27a99e42abee4cdd9d4ac0dc292
data/derived/.gitkeep,e3b0c44298fc1c149afbf4c8996fb92427ae41e4649b934ca495991b7852b855
data/processed/london_ulez_air/laqn_full_monthly_no2_2016_2024.csv,ce017c0c275145ef980eb13367ff1445b2a8ec3d18bb865e97161404b3bc6182
data/processed/london_ulez_air/laqn_station_ulez_assignment.csv,1df3f310c5bf19a3acc0af5d207b1a9ca3e42c21c8dce99acc1a891f76e2345a
data/processed/london_ulez_air/ulez_2019.gpkg,183f7263d2bfb613a887dbc95620cd353241813747381d0ea5f6a660f2563c18
data/processed/london_ulez_air/ulez_2021.gpkg,3b496a011391a2cfc3ac69a965733dc66627909eb39faffc54b0c4679ef61a9b
data/processed/london_ulez_air/ulez_2023.gpkg,88d7d84329116a9384242751b36dc67e8f5da3cc5a30abd908ef1cfcc41cc8d2
outputs/figures/.gitkeep,e3b0c44298fc1c149afbf4c8996fb92427ae41e4649b934ca495991b7852b855
outputs/figures/Figure_S1.pdf,adce8fbb1acdb3884b5defbed730348c190d326798db459883fbbe9a59a182e9
outputs/figures/fig_12_01a_dynamic_static_decomp_implied_3km.png,36e704da7f2f3fb0e3bbba50671126f1cc795692a42dc6ab7c8ead153b8ae051
outputs/figures/fig_12_02a_dynamic_static_decomp_event_study_3km.png,8c4d1e56f3253e2a4c7e7d1392820f8e2f291a8f5bc93834253c00788bec3558
outputs/figures/fig_ulez_across_matrices_protocol.png,7fcb00c9beb66daf17e9cd24d25f20d1c10c08891e3c91f6600b978b5889ca3f
outputs/figures/fig_ulez_benchmark_pretrend_cells_with_D1S0.png,c4a62bb51cb5d83ab3c1d9c31bc498f6c22cd1be2bcd4e4a804af4c14d659f4c
outputs/figures/fig_ulez_benchmark_restricted_unrestricted.png,f6d99194ce64f7cf7ffd97cf20dae5dc50f5e9f8873cd2203c97b6b79b5edceb
outputs/logs/.gitkeep,e3b0c44298fc1c149afbf4c8996fb92427ae41e4649b934ca495991b7852b855
outputs/manifest.csv,d32bf016e2a0f7b4c3a92f2d08e61bbc3f9dbb3f3ba53ebafb98ca286a36a9fa
outputs/tables/.gitkeep,e3b0c44298fc1c149afbf4c8996fb92427ae41e4649b934ca495991b7852b855
outputs/tables/table_ulez_across_matrices_protocol.tex,145fac24ce8d7628a8149c055c2e882f053db4488ad4ed16735668d4c90306d4
outputs/tables/table_ulez_announcement_2019.tex,017e924f74c7d58b30568407a7ce538496276059dea57946852d4f34c3bffe59
outputs/tables/table_ulez_benchmark_implied_effects.tex,98eb7623badce6b8bb62ee57b623def635a37697c15571e1fdc0bec93428fb33
outputs/tables/table_ulez_boundary_dynamic_support.tex,f6bd2b2da77390a0f91d89a0814d2267f1d280c7bffc9b6b8dd0405ec1295a13
outputs/tables/table_ulez_boundary_effects.tex,eaf9f97cb943719c5a758e8aa226f406aa9eabeebf769b3c378a94b88517e102
outputs/tables/table_ulez_boundary_mapping_correspondence.tex,e977121555b2028d9239a3c68969f1ecd99a4d4ee6e9edca034bbaeb9fb4de5c
outputs/tables/table_ulez_conventional_robustness.tex,cb5d2ce8d96e4e4498350a64d48ed5238deb8e35c7fe122ba2fd4962c87eb6b7
outputs/tables/table_ulez_descriptive_statistics.tex,644f4d3400390cf72168635decd82e7eb530cb4d363a262a06c6276ca29e3484
outputs/tables/table_ulez_design_diagnostics.tex,74247fd0953d75d0fcd4213ad07da5e11d6f6b07e1f3d6cbc64f3c7e80aec08d
outputs/tables/table_ulez_dynamic_support_3km.tex,92399f4c4b70f89501288a9f3914e3b9307f3d6cc4defc0819edeaa5f6f9ad3a
outputs/tables/table_ulez_effective_support_3km.tex,be83e8b8413930a7b97b3efc9307aa08702a5f884f239ac40348f9652753c0e1
outputs/tables/table_ulez_exposure_bins.tex,d8ad9f9d7786933d2603f6cfe3eff2690d336343ee7f046c5ef3012ee7c8df7a
outputs/tables/table_ulez_exposure_timing_2021.tex,5539fba159e2b048a5bb27583e0dbf3b15de997e40e3aed6ea41608b16ce5fae
outputs/tables/table_ulez_no_restricted_unrestricted.tex,a09e1d552f26b291bd1a2d18f8e41b3d52bbe7a5fee31aa882d7e19ffc586753
outputs/tables/table_ulez_predetermined_network.tex,c08e2b945c088cb0da1c24e19999110bffec7ba691deec52ee7791d44167ab63
outputs/tables/table_ulez_protocol_implementation.tex,5f623ff35edea128b93051677d233410e3e68fc1d37ee31ed5811681a0e7a96e
outputs/tables/table_ulez_spatial_inference.tex,976c488986b45fd14ff24a15cd837984193bace8b7a7319aef8f472eaaf78df0
outputs/tables/table_ulez_support_protocol.tex,619fa9883cb24b89fa8b9392e11f43a76e8a837d3e2730960f70d14ef9f2eaa0
run_all.R,62e6c9bef9d72548425a2d79e1d4da8bd51172ba59ce1f4b654521151429ba5a
