type,file,path
table,table_ulez_protocol_implementation.tex,outputs/tables/table_ulez_protocol_implementation.tex
table,table_ulez_support_protocol.tex,outputs/tables/table_ulez_support_protocol.tex
table,table_ulez_design_diagnostics.tex,outputs/tables/table_ulez_design_diagnostics.tex
table,table_ulez_no_restricted_unrestricted.tex,outputs/tables/table_ulez_no_restricted_unrestricted.tex
table,table_ulez_across_matrices_protocol.tex,outputs/tables/table_ulez_across_matrices_protocol.tex
table,table_ulez_dynamic_support_3km.tex,outputs/tables/table_ulez_dynamic_support_3km.tex
table,table_ulez_descriptive_statistics.tex,outputs/tables/table_ulez_descriptive_statistics.tex
table,table_ulez_benchmark_implied_effects.tex,outputs/tables/table_ulez_benchmark_implied_effects.tex
table,table_ulez_spatial_inference.tex,outputs/tables/table_ulez_spatial_inference.tex
table,table_ulez_exposure_bins.tex,outputs/tables/table_ulez_exposure_bins.tex
table,table_ulez_conventional_robustness.tex,outputs/tables/table_ulez_conventional_robustness.tex
table,table_ulez_effective_support_3km.tex,outputs/tables/table_ulez_effective_support_3km.tex
table,table_ulez_boundary_mapping_correspondence.tex,outputs/tables/table_ulez_boundary_mapping_correspondence.tex
table,table_ulez_boundary_dynamic_support.tex,outputs/tables/table_ulez_boundary_dynamic_support.tex
table,table_ulez_boundary_effects.tex,outputs/tables/table_ulez_boundary_effects.tex
table,table_ulez_predetermined_network.tex,outputs/tables/table_ulez_predetermined_network.tex
table,table_ulez_announcement_2019.tex,outputs/tables/table_ulez_announcement_2019.tex
table,table_ulez_exposure_timing_2021.tex,outputs/tables/table_ulez_exposure_timing_2021.tex
figure,fig_ulez_benchmark_pretrend_cells_with_D1S0.png,outputs/figures/fig_ulez_benchmark_pretrend_cells_with_D1S0.png
figure,fig_ulez_benchmark_restricted_unrestricted.png,outputs/figures/fig_ulez_benchmark_restricted_unrestricted.png
figure,fig_ulez_across_matrices_protocol.png,outputs/figures/fig_ulez_across_matrices_protocol.png
figure,fig_12_01a_dynamic_static_decomp_implied_3km.png,outputs/figures/fig_12_01a_dynamic_static_decomp_implied_3km.png
figure,fig_12_02a_dynamic_static_decomp_event_study_3km.png,outputs/figures/fig_12_02a_dynamic_static_decomp_event_study_3km.png
figure,Figure_S1.pdf,outputs/figures/Figure_S1.pdf
